source_system,document_id,number,document_type,status,document_date,amount,currency,order_ref,order_source_system,original_document_ref
shop-a,D-100,FV/100,invoice,issued,2025-01-02,100.00,PLN,A-100,shop-a,
shop-a,D-101,FV/101,invoice,issued,2025-01-02,150.00,PLN,A-101,shop-a,
shop-a,D-102,FV/102,invoice,issued,2025-01-03,200.00,PLN,A-102,shop-a,
shop-a,D-103,FV/103,invoice,issued,2025-01-03,100.00,PLN,A-103,shop-a,
shop-a,K-103,KOR/103,correction,issued,2025-01-16,-40.00,PLN,A-103,shop-a,D-103
shop-a,D-104,PAR/104,receipt,issued,2025-02-10,80.00,PLN,A-104,shop-a,
shop-a,D-105,FV/105,invoice,issued,2025-01-04,70.00,PLN,A-105,shop-a,
shop-a,D-106,FV/106,invoice,issued,2025-02-10,120.00,PLN,A-106,shop-a,
shop-a,D-107,FV/107,invoice,issued,2025-02-10,120.00,PLN,A-107,shop-a,
shop-b,D-100,FV/B/100,invoice,issued,2025-01-05,55.00,PLN,A-100,shop-b,
shop-a,D-108,FV/108,invoice,issued,2025-01-05,100.00,EUR,A-108,shop-a,
shop-a,D-109,FV/109,invoice,issued,2025-01-06,100.00,PLN,A-109,shop-a,
shop-a,D-110,FV/110,invoice,issued,2025-01-06,100.00,PLN,A-110,shop-a,
shop-a,K-110,KOR/110,correction,issued,2025-01-17,-20.00,PLN,A-110,shop-a,D-110
shop-a,D-111,FV/111,invoice,issued,2025-01-06,60.00,PLN,A-111,shop-a,
shop-a,K-111,KOR/111,correction,issued,2025-01-17,-15.00,PLN,A-111,shop-a,D-111
shop-a,D-113,FV/113,invoice,issued,2025-01-06,100.00,PLN,A-113,shop-a,
shop-a,D-ORPHAN,FV/X,invoice,issued,2025-01-06,45.00,PLN,NOT-FOUND,shop-a,
